ticker,split,model,lookback,signature_level,forward,k_neighbors,signature_mmd,volatility,volatility_error,var_95,var_99,var_95_error,es_95,es_99,es_95_error,max_drawdown,max_drawdown_error,squared_return_acf_error
SPY,validation,real,20,2,1,5,,0.18777849196639282,0.0,0.019493196967476346,0.02532593439381509,0.0,0.024085134516023936,0.028244347110469803,0.0,-0.10531734404489251,0.0,0.0
SPY,validation,historical_bootstrap,20,2,1,5,0.0014328414392635552,0.17774738868581086,0.01003110328058196,0.0165480653477423,0.03275146975983915,0.0029451316197340455,0.029044259973951502,0.04555678995154705,0.004959125457927566,-0.08992208132997967,0.015395262714912844,0.03688446274931155
SPY,validation,signature_bootstrap,20,2,1,5,0.0009867112968894355,0.1582308177889582,0.02954767417743462,0.015891091706606925,0.027260115443862244,0.003602105260869421,0.024828044071149857,0.03295452678728319,0.0007429095551259209,-0.08122151209329061,0.024095831951601906,0.04293773908451036
EURUSD=X,validation,real,20,2,1,5,,0.08520625322480384,0.0,0.008679789401987669,0.011764545268720738,0.0,0.011057507353115847,0.013384970437742678,0.0,-0.05456861125310367,0.0,0.0
EURUSD=X,validation,historical_bootstrap,20,2,1,5,7.330373065751831e-05,0.077418519741797,0.007787733483006834,0.007145730311319926,0.01139383976015668,0.0015340590906677432,0.010405850954854943,0.014607672577161713,0.0006516563982609039,-0.04727752570405906,0.007291085549044611,0.027644243793049784
EURUSD=X,validation,signature_bootstrap,20,2,1,5,6.127218600940365e-05,0.07467648643509271,0.010529766789711126,0.007108929433357064,0.011202546187111988,0.0015708599686306054,0.010386629803730178,0.014922454888475758,0.0006708775493856692,-0.043978701818411146,0.010589909434692527,0.023942792499944583
SPY,validation,real,20,2,1,10,,0.18777849196639282,0.0,0.019493196967476346,0.02532593439381509,0.0,0.024085134516023936,0.028244347110469803,0.0,-0.10531734404489251,0.0,0.0
SPY,validation,historical_bootstrap,20,2,1,10,0.0014328414392635552,0.17774738868581086,0.01003110328058196,0.0165480653477423,0.03275146975983915,0.0029451316197340455,0.029044259973951502,0.04555678995154705,0.004959125457927566,-0.08992208132997967,0.015395262714912844,0.03688446274931155
SPY,validation,signature_bootstrap,20,2,1,10,0.0013218061983157735,0.14818075302576136,0.039597738940631455,0.015293172459242629,0.025060202446623887,0.004200024508233717,0.022804943663192762,0.030073137482481648,0.0012801908528311742,-0.07915564139066467,0.026161702654227847,0.036959644844539764
EURUSD=X,validation,real,20,2,1,10,,0.08520625322480384,0.0,0.008679789401987669,0.011764545268720738,0.0,0.011057507353115847,0.013384970437742678,0.0,-0.05456861125310367,0.0,0.0
EURUSD=X,validation,historical_bootstrap,20,2,1,10,7.330373065751831e-05,0.077418519741797,0.007787733483006834,0.007145730311319926,0.01139383976015668,0.0015340590906677432,0.010405850954854943,0.014607672577161713,0.0006516563982609039,-0.04727752570405906,0.007291085549044611,0.027644243793049784
EURUSD=X,validation,signature_bootstrap,20,2,1,10,0.00015814148898183418,0.07369146754919939,0.011514785675604447,0.006952348599374239,0.010640462228099935,0.00172744080261343,0.00984305757283629,0.013671390894411875,0.0012144497802795574,-0.04207090344709619,0.01249770780600748,0.023448669064050392
SPY,validation,real,20,2,1,20,,0.18777849196639282,0.0,0.019493196967476346,0.02532593439381509,0.0,0.024085134516023936,0.028244347110469803,0.0,-0.10531734404489251,0.0,0.0
SPY,validation,historical_bootstrap,20,2,1,20,0.0014328414392635552,0.17774738868581086,0.01003110328058196,0.0165480653477423,0.03275146975983915,0.0029451316197340455,0.029044259973951502,0.04555678995154705,0.004959125457927566,-0.08992208132997967,0.015395262714912844,0.03688446274931155
SPY,validation,signature_bootstrap,20,2,1,20,0.002651106697467925,0.13688734950594422,0.050891142460448596,0.013692027837017885,0.023171098718806512,0.005801169130458462,0.02085464191968054,0.02894924473724071,0.0032304925963433963,-0.0676741155148024,0.03764322853009011,0.0359622537025588
EURUSD=X,validation,real,20,2,1,20,,0.08520625322480384,0.0,0.008679789401987669,0.011764545268720738,0.0,0.011057507353115847,0.013384970437742678,0.0,-0.05456861125310367,0.0,0.0
EURUSD=X,validation,historical_bootstrap,20,2,1,20,7.330373065751831e-05,0.077418519741797,0.007787733483006834,0.007145730311319926,0.01139383976015668,0.0015340590906677432,0.010405850954854943,0.014607672577161713,0.0006516563982609039,-0.04727752570405906,0.007291085549044611,0.027644243793049784
EURUSD=X,validation,signature_bootstrap,20,2,1,20,0.00017565350731907177,0.07277785483007401,0.012428398394729825,0.006864648483719324,0.010469838075786672,0.0018151409182683449,0.009809623339427136,0.014250438497152056,0.001247884013688711,-0.040059785246662094,0.014508826006441579,0.02122608030109912
SPY,validation,real,20,2,1,50,,0.18777849196639282,0.0,0.019493196967476346,0.02532593439381509,0.0,0.024085134516023936,0.028244347110469803,0.0,-0.10531734404489251,0.0,0.0
SPY,validation,historical_bootstrap,20,2,1,50,0.0014328414392635552,0.17774738868581086,0.01003110328058196,0.0165480653477423,0.03275146975983915,0.0029451316197340455,0.029044259973951502,0.04555678995154705,0.004959125457927566,-0.08992208132997967,0.015395262714912844,0.03688446274931155
SPY,validation,signature_bootstrap,20,2,1,50,0.0022848738927501618,0.1378704285870448,0.04990806337934803,0.013832302104205694,0.02411958050564926,0.0056608948632706525,0.02167455488174108,0.02897544565911715,0.002410579634282855,-0.07070880860986495,0.034608535435027565,0.03600114750588328
EURUSD=X,validation,real,20,2,1,50,,0.08520625322480384,0.0,0.008679789401987669,0.011764545268720738,0.0,0.011057507353115847,0.013384970437742678,0.0,-0.05456861125310367,0.0,0.0
EURUSD=X,validation,historical_bootstrap,20,2,1,50,7.330373065751831e-05,0.077418519741797,0.007787733483006834,0.007145730311319926,0.01139383976015668,0.0015340590906677432,0.010405850954854943,0.014607672577161713,0.0006516563982609039,-0.04727752570405906,0.007291085549044611,0.027644243793049784
EURUSD=X,validation,signature_bootstrap,20,2,1,50,0.0004586747068674529,0.07018572997492502,0.01502052324987882,0.006546535047768601,0.009674257441467368,0.0021332543542190684,0.00903735942787254,0.012309482919172908,0.0020201479252433072,-0.0376423791161028,0.016926232137000875,0.02376042403064072
SPY,validation,real,20,2,1,100,,0.18777849196639282,0.0,0.019493196967476346,0.02532593439381509,0.0,0.024085134516023936,0.028244347110469803,0.0,-0.10531734404489251,0.0,0.0
SPY,validation,historical_bootstrap,20,2,1,100,0.0014328414392635552,0.17774738868581086,0.01003110328058196,0.0165480653477423,0.03275146975983915,0.0029451316197340455,0.029044259973951502,0.04555678995154705,0.004959125457927566,-0.08992208132997967,0.015395262714912844,0.03688446274931155
SPY,validation,signature_bootstrap,20,2,1,100,0.0024305199584610075,0.1311752955599707,0.05660319640642211,0.013179787393351836,0.02297127291789829,0.006313409574124511,0.02045958136311573,0.028146273949023227,0.003625553152908207,-0.06584405016979278,0.039473293875099735,0.03597689641403509
EURUSD=X,validation,real,20,2,1,100,,0.08520625322480384,0.0,0.008679789401987669,0.011764545268720738,0.0,0.011057507353115847,0.013384970437742678,0.0,-0.05456861125310367,0.0,0.0
EURUSD=X,validation,historical_bootstrap,20,2,1,100,7.330373065751831e-05,0.077418519741797,0.007787733483006834,0.007145730311319926,0.01139383976015668,0.0015340590906677432,0.010405850954854943,0.014607672577161713,0.0006516563982609039,-0.04727752570405906,0.007291085549044611,0.027644243793049784
EURUSD=X,validation,signature_bootstrap,20,2,1,100,0.00021162773043839278,0.0715787308956128,0.013627522329191039,0.006636085985195472,0.009969413963586906,0.002043703416792197,0.009436157513836623,0.01372314676319214,0.0016213498392792236,-0.03860911260343129,0.01595949864967238,0.02735000956665465
SPY,validation,real,20,2,5,5,,0.18777849196639282,0.0,0.019493196967476346,0.02532593439381509,0.0,0.024085134516023936,0.028244347110469803,0.0,-0.10531734404489251,0.0,0.0
SPY,validation,historical_bootstrap,20,2,5,5,0.002779552048089715,0.1744588109906285,0.01331968097576433,0.017112872777416393,0.031227201177578212,0.0023803241900599535,0.027346014010391505,0.03842508035933998,0.003260879494367569,-0.07897177863305109,0.026345565411841423,0.049540895665611887
SPY,validation,signature_bootstrap,20,2,5,5,0.001962413989531838,0.14708022431062986,0.040698267655762954,0.015436491102327119,0.025454501817220233,0.004056705865149227,0.023190737047992113,0.03105567486051891,0.0008943974680318233,-0.07170026258091852,0.03361708146397399,0.0395343344065253
EURUSD=X,validation,real,20,2,5,5,,0.08520625322480384,0.0,0.008679789401987669,0.011764545268720738,0.0,0.011057507353115847,0.013384970437742678,0.0,-0.05456861125310367,0.0,0.0
EURUSD=X,validation,historical_bootstrap,20,2,5,5,1.8765964415567623e-05,0.07681957701554029,0.008386676209263547,0.007439221205147584,0.011231819491900778,0.001240568196840085,0.010467177537803834,0.01472019804178723,0.0005903298153120129,-0.045777300472498644,0.008791310780605029,0.024479585882186135
EURUSD=X,validation,signature_bootstrap,20,2,5,5,0.00017947017272107305,0.07089136358109119,0.01431488964371265,0.006811130597255535,0.00988167866068766,0.0018686588047321338,0.009281831718109671,0.012592329454421462,0.0017756756350061752,-0.03901127466418507,0.015557336588918606,0.02121239908270124
SPY,validation,real,20,2,5,10,,0.18777849196639282,0.0,0.019493196967476346,0.02532593439381509,0.0,0.024085134516023936,0.028244347110469803,0.0,-0.10531734404489251,0.0,0.0
SPY,validation,historical_bootstrap,20,2,5,10,0.002779552048089715,0.1744588109906285,0.01331968097576433,0.017112872777416393,0.031227201177578212,0.0023803241900599535,0.027346014010391505,0.03842508035933998,0.003260879494367569,-0.07897177863305109,0.026345565411841423,0.049540895665611887
SPY,validation,signature_bootstrap,20,2,5,10,0.0009300618642992317,0.16149398714465635,0.02628450482173647,0.015966025618445477,0.029475335229231514,0.0035271713490308693,0.02623039254375061,0.03559531099776534,0.0021452580277266722,-0.08424387154199693,0.021073472502895582,0.04695281633598135
EURUSD=X,validation,real,20,2,5,10,,0.08520625322480384,0.0,0.008679789401987669,0.011764545268720738,0.0,0.011057507353115847,0.013384970437742678,0.0,-0.05456861125310367,0.0,0.0
EURUSD=X,validation,historical_bootstrap,20,2,5,10,1.8765964415567623e-05,0.07681957701554029,0.008386676209263547,0.007439221205147584,0.011231819491900778,0.001240568196840085,0.010467177537803834,0.01472019804178723,0.0005903298153120129,-0.045777300472498644,0.008791310780605029,0.024479585882186135
EURUSD=X,validation,signature_bootstrap,20,2,5,10,0.0002550211309429375,0.07148283574299,0.01372341748181384,0.006902674784648713,0.009846274945480404,0.0017771146173389558,0.009250158693738292,0.01265020642651552,0.0018073486593775546,-0.03840743332009292,0.01616117793301075,0.02958747141680807
SPY,validation,real,20,2,5,20,,0.18777849196639282,0.0,0.019493196967476346,0.02532593439381509,0.0,0.024085134516023936,0.028244347110469803,0.0,-0.10531734404489251,0.0,0.0
SPY,validation,historical_bootstrap,20,2,5,20,0.002779552048089715,0.1744588109906285,0.01331968097576433,0.017112872777416393,0.031227201177578212,0.0023803241900599535,0.027346014010391505,0.03842508035933998,0.003260879494367569,-0.07897177863305109,0.026345565411841423,0.049540895665611887
SPY,validation,signature_bootstrap,20,2,5,20,0.00425193063410237,0.13625436396775575,0.051524127998637065,0.013491168465192544,0.023624090818716463,0.006002028502283803,0.02128698165951475,0.029040621095688578,0.002798152856509188,-0.06628060939427768,0.03903673465061483,0.0435777410774156
EURUSD=X,validation,real,20,2,5,20,,0.08520625322480384,0.0,0.008679789401987669,0.011764545268720738,0.0,0.011057507353115847,0.013384970437742678,0.0,-0.05456861125310367,0.0,0.0
EURUSD=X,validation,historical_bootstrap,20,2,5,20,1.8765964415567623e-05,0.07681957701554029,0.008386676209263547,0.007439221205147584,0.011231819491900778,0.001240568196840085,0.010467177537803834,0.01472019804178723,0.0005903298153120129,-0.045777300472498644,0.008791310780605029,0.024479585882186135
EURUSD=X,validation,signature_bootstrap,20,2,5,20,0.00010273128877639454,0.07338798705623548,0.011818266168568362,0.006893174848201733,0.010371161623533773,0.0017866145537859361,0.009697522301261278,0.013805788133542076,0.0013599850518545686,-0.04033037953053305,0.014238231722570625,0.02412478929968082
SPY,validation,real,20,2,5,50,,0.18777849196639282,0.0,0.019493196967476346,0.02532593439381509,0.0,0.024085134516023936,0.028244347110469803,0.0,-0.10531734404489251,0.0,0.0
SPY,validation,historical_bootstrap,20,2,5,50,0.002779552048089715,0.1744588109906285,0.01331968097576433,0.017112872777416393,0.031227201177578212,0.0023803241900599535,0.027346014010391505,0.03842508035933998,0.003260879494367569,-0.07897177863305109,0.026345565411841423,0.049540895665611887
SPY,validation,signature_bootstrap,20,2,5,50,0.002411470884587755,0.12941106157988008,0.058367430386512736,0.012751353577243224,0.02184867362747355,0.006741843390233123,0.019723790452372037,0.02696686980190165,0.004361344063651899,-0.06461379031785197,0.04070355372704054,0.04154210526319604
EURUSD=X,validation,real,20,2,5,50,,0.08520625322480384,0.0,0.008679789401987669,0.011764545268720738,0.0,0.011057507353115847,0.013384970437742678,0.0,-0.05456861125310367,0.0,0.0
EURUSD=X,validation,historical_bootstrap,20,2,5,50,1.8765964415567623e-05,0.07681957701554029,0.008386676209263547,0.007439221205147584,0.011231819491900778,0.001240568196840085,0.010467177537803834,0.01472019804178723,0.0005903298153120129,-0.045777300472498644,0.008791310780605029,0.024479585882186135
EURUSD=X,validation,signature_bootstrap,20,2,5,50,3.62858894569793e-05,0.07129209315812253,0.013914160066681308,0.006924845590561066,0.010195595216250186,0.0017549438114266031,0.009501619523695836,0.01290350986167479,0.0015558878294200107,-0.04085657109548712,0.013712040157616553,0.021930798266497763
SPY,validation,real,20,2,5,100,,0.18777849196639282,0.0,0.019493196967476346,0.02532593439381509,0.0,0.024085134516023936,0.028244347110469803,0.0,-0.10531734404489251,0.0,0.0
SPY,validation,historical_bootstrap,20,2,5,100,0.002779552048089715,0.1744588109906285,0.01331968097576433,0.017112872777416393,0.031227201177578212,0.0023803241900599535,0.027346014010391505,0.03842508035933998,0.003260879494367569,-0.07897177863305109,0.026345565411841423,0.049540895665611887
SPY,validation,signature_bootstrap,20,2,5,100,0.004131131749912924,0.12277606584809024,0.06500242611830258,0.011900273643999228,0.020644878229079306,0.007592923323477118,0.018498251331632336,0.024964331634427284,0.0055868831843916,-0.05477573914361076,0.050541604901281754,0.042960231512554334
EURUSD=X,validation,real,20,2,5,100,,0.08520625322480384,0.0,0.008679789401987669,0.011764545268720738,0.0,0.011057507353115847,0.013384970437742678,0.0,-0.05456861125310367,0.0,0.0
EURUSD=X,validation,historical_bootstrap,20,2,5,100,1.8765964415567623e-05,0.07681957701554029,0.008386676209263547,0.007439221205147584,0.011231819491900778,0.001240568196840085,0.010467177537803834,0.01472019804178723,0.0005903298153120129,-0.045777300472498644,0.008791310780605029,0.024479585882186135
EURUSD=X,validation,signature_bootstrap,20,2,5,100,0.0001367465360046489,0.07228870112611223,0.01291755209869161,0.0067043816133330065,0.010545925284144452,0.0019754077886546626,0.009687180057238644,0.013524922542238088,0.0013703272958772023,-0.040474570015165065,0.014094041237938608,0.024410590067716252
SPY,validation,real,20,3,1,5,,0.18777849196639282,0.0,0.019493196967476346,0.02532593439381509,0.0,0.024085134516023936,0.028244347110469803,0.0,-0.10531734404489251,0.0,0.0
SPY,validation,historical_bootstrap,20,3,1,5,0.0015168620190740014,0.17774738868581086,0.01003110328058196,0.0165480653477423,0.03275146975983915,0.0029451316197340455,0.029044259973951502,0.04555678995154705,0.004959125457927566,-0.08992208132997967,0.015395262714912844,0.03688446274931155
SPY,validation,signature_bootstrap,20,3,1,5,0.00290072801405546,0.14847479420669715,0.039303697759695666,0.015032046013302247,0.025620113879011343,0.0044611509541741,0.023085213579524817,0.031107929814426984,0.0009999209364991192,-0.07506245014288501,0.0302548939020075,0.03670189884988301
EURUSD=X,validation,real,20,3,1,5,,0.08520625322480384,0.0,0.008679789401987669,0.011764545268720738,0.0,0.011057507353115847,0.013384970437742678,0.0,-0.05456861125310367,0.0,0.0
EURUSD=X,validation,historical_bootstrap,20,3,1,5,7.863377241306982e-05,0.077418519741797,0.007787733483006834,0.007145730311319926,0.01139383976015668,0.0015340590906677432,0.010405850954854943,0.014607672577161713,0.0006516563982609039,-0.04727752570405906,0.007291085549044611,0.027644243793049784
EURUSD=X,validation,signature_bootstrap,20,3,1,5,0.00019061917990894684,0.07018666542795375,0.015019587796850087,0.006842933600130362,0.010103167433212514,0.0018368558018573072,0.009411464447183548,0.012843894821308982,0.0016460429059322983,-0.03755738730858439,0.01701122394451928,0.02775659671350107
SPY,validation,real,20,3,1,10,,0.18777849196639282,0.0,0.019493196967476346,0.02532593439381509,0.0,0.024085134516023936,0.028244347110469803,0.0,-0.10531734404489251,0.0,0.0
SPY,validation,historical_bootstrap,20,3,1,10,0.0015168620190740014,0.17774738868581086,0.01003110328058196,0.0165480653477423,0.03275146975983915,0.0029451316197340455,0.029044259973951502,0.04555678995154705,0.004959125457927566,-0.08992208132997967,0.015395262714912844,0.03688446274931155
SPY,validation,signature_bootstrap,20,3,1,10,0.0010613610634908758,0.15502763883781806,0.03275085312857476,0.01635950398666101,0.02678011940975438,0.0031336929808153356,0.024232295877727954,0.03169946168870506,0.00014716136170401725,-0.08704986914632047,0.018267474898572042,0.04032391110044835
EURUSD=X,validation,real,20,3,1,10,,0.08520625322480384,0.0,0.008679789401987669,0.011764545268720738,0.0,0.011057507353115847,0.013384970437742678,0.0,-0.05456861125310367,0.0,0.0
EURUSD=X,validation,historical_bootstrap,20,3,1,10,7.863377241306982e-05,0.077418519741797,0.007787733483006834,0.007145730311319926,0.01139383976015668,0.0015340590906677432,0.010405850954854943,0.014607672577161713,0.0006516563982609039,-0.04727752570405906,0.007291085549044611,0.027644243793049784
EURUSD=X,validation,signature_bootstrap,20,3,1,10,8.999746100249113e-06,0.07072975101705276,0.014476502207751082,0.006986719807960495,0.010224462522240567,0.001693069594027174,0.009514889553639189,0.01277987838627426,0.001542617799476658,-0.04225400285194545,0.012314608401158222,0.02480532039752676
SPY,validation,real,20,3,1,20,,0.18777849196639282,0.0,0.019493196967476346,0.02532593439381509,0.0,0.024085134516023936,0.028244347110469803,0.0,-0.10531734404489251,0.0,0.0
SPY,validation,historical_bootstrap,20,3,1,20,0.0015168620190740014,0.17774738868581086,0.01003110328058196,0.0165480653477423,0.03275146975983915,0.0029451316197340455,0.029044259973951502,0.04555678995154705,0.004959125457927566,-0.08992208132997967,0.015395262714912844,0.03688446274931155
SPY,validation,signature_bootstrap,20,3,1,20,0.0025646536486643753,0.12986929915029183,0.05790919281610099,0.013260759731895302,0.021882853788321794,0.006232437235581045,0.019983446570411834,0.027077889680764345,0.004101687945612102,-0.06451574282285359,0.04080160122203892,0.03908448211546427
EURUSD=X,validation,real,20,3,1,20,,0.08520625322480384,0.0,0.008679789401987669,0.011764545268720738,0.0,0.011057507353115847,0.013384970437742678,0.0,-0.05456861125310367,0.0,0.0
EURUSD=X,validation,historical_bootstrap,20,3,1,20,7.863377241306982e-05,0.077418519741797,0.007787733483006834,0.007145730311319926,0.01139383976015668,0.0015340590906677432,0.010405850954854943,0.014607672577161713,0.0006516563982609039,-0.04727752570405906,0.007291085549044611,0.027644243793049784
EURUSD=X,validation,signature_bootstrap,20,3,1,20,0.00035855685726310935,0.0713625958806375,0.013843657344166344,0.0066896683183002015,0.010025484613231089,0.0019901210836874676,0.009408209624958095,0.01338930996997732,0.001649297728157752,-0.037111765085817,0.017456846167286676,0.0245433963538151
SPY,validation,real,20,3,1,50,,0.18777849196639282,0.0,0.019493196967476346,0.02532593439381509,0.0,0.024085134516023936,0.028244347110469803,0.0,-0.10531734404489251,0.0,0.0
SPY,validation,historical_bootstrap,20,3,1,50,0.0015168620190740014,0.17774738868581086,0.01003110328058196,0.0165480653477423,0.03275146975983915,0.0029451316197340455,0.029044259973951502,0.04555678995154705,0.004959125457927566,-0.08992208132997967,0.015395262714912844,0.03688446274931155
SPY,validation,signature_bootstrap,20,3,1,50,0.0023534778788261235,0.12607250538200296,0.06170598658438986,0.012812690438411267,0.020843309471487,0.006680506529065079,0.01901084591154829,0.025384080727791435,0.005074288604475646,-0.06462009007583104,0.04069725396906147,0.03577415819578052
EURUSD=X,validation,real,20,3,1,50,,0.08520625322480384,0.0,0.008679789401987669,0.011764545268720738,0.0,0.011057507353115847,0.013384970437742678,0.0,-0.05456861125310367,0.0,0.0
EURUSD=X,validation,historical_bootstrap,20,3,1,50,7.863377241306982e-05,0.077418519741797,0.007787733483006834,0.007145730311319926,0.01139383976015668,0.0015340590906677432,0.010405850954854943,0.014607672577161713,0.0006516563982609039,-0.04727752570405906,0.007291085549044611,0.027644243793049784
EURUSD=X,validation,signature_bootstrap,20,3,1,50,0.0001196436343658198,0.06951102756102512,0.01569522566377872,0.006667325867704614,0.01007520066312578,0.0020124635342830552,0.009486412363471822,0.013497012597475853,0.001571094989644025,-0.04072110631500233,0.013847504938101343,0.025765291092566388
SPY,validation,real,20,3,1,100,,0.18777849196639282,0.0,0.019493196967476346,0.02532593439381509,0.0,0.024085134516023936,0.028244347110469803,0.0,-0.10531734404489251,0.0,0.0
SPY,validation,historical_bootstrap,20,3,1,100,0.0015168620190740014,0.17774738868581086,0.01003110328058196,0.0165480653477423,0.03275146975983915,0.0029451316197340455,0.029044259973951502,0.04555678995154705,0.004959125457927566,-0.08992208132997967,0.015395262714912844,0.03688446274931155
SPY,validation,signature_bootstrap,20,3,1,100,0.001861022554043702,0.12894166899092038,0.058836822975472436,0.012535980980359221,0.022733335258597,0.006957215987117125,0.020247692949429862,0.02824597224932447,0.003837441566594074,-0.0718023826922255,0.033514961352667016,0.029463861736189294
EURUSD=X,validation,real,20,3,1,100,,0.08520625322480384,0.0,0.008679789401987669,0.011764545268720738,0.0,0.011057507353115847,0.013384970437742678,0.0,-0.05456861125310367,0.0,0.0
EURUSD=X,validation,historical_bootstrap,20,3,1,100,7.863377241306982e-05,0.077418519741797,0.007787733483006834,0.007145730311319926,0.01139383976015668,0.0015340590906677432,0.010405850954854943,0.014607672577161713,0.0006516563982609039,-0.04727752570405906,0.007291085549044611,0.027644243793049784
EURUSD=X,validation,signature_bootstrap,20,3,1,100,7.81049962969452e-05,0.06779703188993773,0.01740922133486611,0.006600138734566258,0.010282941671213113,0.0020796506674214113,0.009417555561083115,0.012909106422663453,0.0016399517920327317,-0.03741815682073278,0.01715045443237089,0.02255557580505593
SPY,validation,real,20,3,5,5,,0.18777849196639282,0.0,0.019493196967476346,0.02532593439381509,0.0,0.024085134516023936,0.028244347110469803,0.0,-0.10531734404489251,0.0,0.0
SPY,validation,historical_bootstrap,20,3,5,5,0.002941728379008412,0.1744588109906285,0.01331968097576433,0.017112872777416393,0.031227201177578212,0.0023803241900599535,0.027346014010391505,0.03842508035933998,0.003260879494367569,-0.07897177863305109,0.026345565411841423,0.049540895665611887
SPY,validation,signature_bootstrap,20,3,5,5,0.0022739092735253254,0.147382374610508,0.04039611735588483,0.014591746928867255,0.02523379692168339,0.0049014500386090915,0.022262059479029542,0.029875178744259802,0.001823075036994394,-0.07458089179308364,0.030736452251808877,0.04414108765983613
EURUSD=X,validation,real,20,3,5,5,,0.08520625322480384,0.0,0.008679789401987669,0.011764545268720738,0.0,0.011057507353115847,0.013384970437742678,0.0,-0.05456861125310367,0.0,0.0
EURUSD=X,validation,historical_bootstrap,20,3,5,5,2.1029307576401677e-05,0.07681957701554029,0.008386676209263547,0.007439221205147584,0.011231819491900778,0.001240568196840085,0.010467177537803834,0.01472019804178723,0.0005903298153120129,-0.045777300472498644,0.008791310780605029,0.024479585882186135
EURUSD=X,validation,signature_bootstrap,20,3,5,5,8.212996681920718e-05,0.0692843517606639,0.015921901464139937,0.006609383973438446,0.009875846234444563,0.002070405428549223,0.009114433434827051,0.012218013856937207,0.0019430739182887957,-0.03927930298499282,0.015289308268110854,0.02542547951863259
SPY,validation,real,20,3,5,10,,0.18777849196639282,0.0,0.019493196967476346,0.02532593439381509,0.0,0.024085134516023936,0.028244347110469803,0.0,-0.10531734404489251,0.0,0.0
SPY,validation,historical_bootstrap,20,3,5,10,0.002941728379008412,0.1744588109906285,0.01331968097576433,0.017112872777416393,0.031227201177578212,0.0023803241900599535,0.027346014010391505,0.03842508035933998,0.003260879494367569,-0.07897177863305109,0.026345565411841423,0.049540895665611887
SPY,validation,signature_bootstrap,20,3,5,10,0.0015198334878667966,0.13865644496514193,0.04912204700125089,0.014310385596019682,0.02321755706417725,0.005182811371456665,0.021110298750375706,0.027799159866444312,0.002974835765648231,-0.07118119410112604,0.03413614994376647,0.044040519803999256
EURUSD=X,validation,real,20,3,5,10,,0.08520625322480384,0.0,0.008679789401987669,0.011764545268720738,0.0,0.011057507353115847,0.013384970437742678,0.0,-0.05456861125310367,0.0,0.0
EURUSD=X,validation,historical_bootstrap,20,3,5,10,2.1029307576401677e-05,0.07681957701554029,0.008386676209263547,0.007439221205147584,0.011231819491900778,0.001240568196840085,0.010467177537803834,0.01472019804178723,0.0005903298153120129,-0.045777300472498644,0.008791310780605029,0.024479585882186135
EURUSD=X,validation,signature_bootstrap,20,3,5,10,0.0001419250761122625,0.0701069276906241,0.015099325534179739,0.00671217881714328,0.01000563702550551,0.001967610584844389,0.009185631666582827,0.012175259039039512,0.00187187568653302,-0.03854022018661023,0.016028391066493446,0.025709453195595526
SPY,validation,real,20,3,5,20,,0.18777849196639282,0.0,0.019493196967476346,0.02532593439381509,0.0,0.024085134516023936,0.028244347110469803,0.0,-0.10531734404489251,0.0,0.0
SPY,validation,historical_bootstrap,20,3,5,20,0.002941728379008412,0.1744588109906285,0.01331968097576433,0.017112872777416393,0.031227201177578212,0.0023803241900599535,0.027346014010391505,0.03842508035933998,0.003260879494367569,-0.07897177863305109,0.026345565411841423,0.049540895665611887
SPY,validation,signature_bootstrap,20,3,5,20,0.0006813605710219862,0.14593018018783654,0.041848311778556274,0.015225454213320649,0.02553732662882597,0.004267742754155698,0.023072479766685625,0.029990170308694386,0.0010126547493383119,-0.07886620029814756,0.026451143746744954,0.04833298881206827
EURUSD=X,validation,real,20,3,5,20,,0.08520625322480384,0.0,0.008679789401987669,0.011764545268720738,0.0,0.011057507353115847,0.013384970437742678,0.0,-0.05456861125310367,0.0,0.0
EURUSD=X,validation,historical_bootstrap,20,3,5,20,2.1029307576401677e-05,0.07681957701554029,0.008386676209263547,0.007439221205147584,0.011231819491900778,0.001240568196840085,0.010467177537803834,0.01472019804178723,0.0005903298153120129,-0.045777300472498644,0.008791310780605029,0.024479585882186135
EURUSD=X,validation,signature_bootstrap,20,3,5,20,0.00017721792097329483,0.0696499337408845,0.015556319483919334,0.006692820518551357,0.009874105819835688,0.0019869688834363124,0.009265644980930257,0.013011543307107193,0.0017918623721855896,-0.03700443877654605,0.017564172476557623,0.02856117177270239
SPY,validation,real,20,3,5,50,,0.18777849196639282,0.0,0.019493196967476346,0.02532593439381509,0.0,0.024085134516023936,0.028244347110469803,0.0,-0.10531734404489251,0.0,0.0
SPY,validation,historical_bootstrap,20,3,5,50,0.002941728379008412,0.1744588109906285,0.01331968097576433,0.017112872777416393,0.031227201177578212,0.0023803241900599535,0.027346014010391505,0.03842508035933998,0.003260879494367569,-0.07897177863305109,0.026345565411841423,0.049540895665611887
SPY,validation,signature_bootstrap,20,3,5,50,0.0018895212018969656,0.13415913963995668,0.05361935232643614,0.013354890879840245,0.023704843326613916,0.006138306087636101,0.021118751114936118,0.029725408837011646,0.0029663834010878187,-0.07033974412645935,0.03497759991843316,0.04515191166460555
EURUSD=X,validation,real,20,3,5,50,,0.08520625322480384,0.0,0.008679789401987669,0.011764545268720738,0.0,0.011057507353115847,0.013384970437742678,0.0,-0.05456861125310367,0.0,0.0
EURUSD=X,validation,historical_bootstrap,20,3,5,50,2.1029307576401677e-05,0.07681957701554029,0.008386676209263547,0.007439221205147584,0.011231819491900778,0.001240568196840085,0.010467177537803834,0.01472019804178723,0.0005903298153120129,-0.045777300472498644,0.008791310780605029,0.024479585882186135
EURUSD=X,validation,signature_bootstrap,20,3,5,50,0.00034605376777923567,0.0723212317524189,0.012885021472384933,0.006715308178923174,0.010321429570523373,0.0019644812230644954,0.009598284823820039,0.01386943300378094,0.0014592225292958082,-0.036943405743761024,0.01762520550934265,0.030120773172457073
SPY,validation,real,20,3,5,100,,0.18777849196639282,0.0,0.019493196967476346,0.02532593439381509,0.0,0.024085134516023936,0.028244347110469803,0.0,-0.10531734404489251,0.0,0.0
SPY,validation,historical_bootstrap,20,3,5,100,0.002941728379008412,0.1744588109906285,0.01331968097576433,0.017112872777416393,0.031227201177578212,0.0023803241900599535,0.027346014010391505,0.03842508035933998,0.003260879494367569,-0.07897177863305109,0.026345565411841423,0.049540895665611887
SPY,validation,signature_bootstrap,20,3,5,100,0.0024581751150205625,0.12395883181906231,0.06381966014733051,0.011735766137476376,0.022344140755441968,0.007757430829999971,0.019655582468507758,0.02738625890559877,0.004429552047516178,-0.06245359187430605,0.04286375217058647,0.04295529106948414
EURUSD=X,validation,real,20,3,5,100,,0.08520625322480384,0.0,0.008679789401987669,0.011764545268720738,0.0,0.011057507353115847,0.013384970437742678,0.0,-0.05456861125310367,0.0,0.0
EURUSD=X,validation,historical_bootstrap,20,3,5,100,2.1029307576401677e-05,0.07681957701554029,0.008386676209263547,0.007439221205147584,0.011231819491900778,0.001240568196840085,0.010467177537803834,0.01472019804178723,0.0005903298153120129,-0.045777300472498644,0.008791310780605029,0.024479585882186135
EURUSD=X,validation,signature_bootstrap,20,3,5,100,0.0001928181848468668,0.06974773784079948,0.015458515384004362,0.006677213403502488,0.009907284050906984,0.002002575998485181,0.009337438770057622,0.013616605064512297,0.001720068583058225,-0.036440848856241624,0.01812776239686205,0.02595641068284495
SPY,validation,real,60,2,1,5,,0.18777849196639282,0.0,0.019493196967476346,0.02532593439381509,0.0,0.024085134516023936,0.028244347110469803,0.0,-0.10531734404489251,0.0,0.0
SPY,validation,historical_bootstrap,60,2,1,5,0.0031934055467437122,0.1819937285742727,0.0057847633921201125,0.016117813612378604,0.033234754697797665,0.003375383355097742,0.028908073489530246,0.04526420368503821,0.004822938973506309,-0.08208971704624742,0.0232276269986451,0.03411734367055005
SPY,validation,signature_bootstrap,60,2,1,5,0.0021247629856718186,0.12485461544231206,0.06292387652408075,0.011908246092465106,0.02340528381672035,0.007584950875011241,0.02015138498856109,0.0286112281070402,0.003933749527462848,-0.06321707053005998,0.04210027351483253,0.034938292599186495
EURUSD=X,validation,real,60,2,1,5,,0.08520625322480384,0.0,0.008679789401987669,0.011764545268720738,0.0,0.011057507353115847,0.013384970437742678,0.0,-0.05456861125310367,0.0,0.0
EURUSD=X,validation,historical_bootstrap,60,2,1,5,0.000132529896646746,0.0754445313785416,0.009761721846262242,0.0070782348361699745,0.010603441750325902,0.0016015545658176946,0.009887659107743647,0.01397055604499162,0.0011698482453721994,-0.0454855410145071,0.009083070238596572,0.02947143197365896
EURUSD=X,validation,signature_bootstrap,60,2,1,5,8.891735600862018e-05,0.07207284995742418,0.013133403267379662,0.0066823622795800786,0.009836504639844049,0.0019974271224075905,0.009307211645594022,0.013589699570677233,0.0017502957075218248,-0.03988917003719712,0.014679441215906551,0.02465063681634854
SPY,validation,real,60,2,1,10,,0.18777849196639282,0.0,0.019493196967476346,0.02532593439381509,0.0,0.024085134516023936,0.028244347110469803,0.0,-0.10531734404489251,0.0,0.0
SPY,validation,historical_bootstrap,60,2,1,10,0.0031934055467437122,0.1819937285742727,0.0057847633921201125,0.016117813612378604,0.033234754697797665,0.003375383355097742,0.028908073489530246,0.04526420368503821,0.004822938973506309,-0.08208971704624742,0.0232276269986451,0.03411734367055005
SPY,validation,signature_bootstrap,60,2,1,10,0.0013172803452711059,0.13218206529771384,0.05559642666867898,0.012969389425758288,0.023746606260498355,0.006523807541718059,0.020871503340102616,0.028534276228677248,0.0032136311759213207,-0.06961661059366933,0.03570073345122318,0.03896446430508491
EURUSD=X,validation,real,60,2,1,10,,0.08520625322480384,0.0,0.008679789401987669,0.011764545268720738,0.0,0.011057507353115847,0.013384970437742678,0.0,-0.05456861125310367,0.0,0.0
EURUSD=X,validation,historical_bootstrap,60,2,1,10,0.000132529896646746,0.0754445313785416,0.009761721846262242,0.0070782348361699745,0.010603441750325902,0.0016015545658176946,0.009887659107743647,0.01397055604499162,0.0011698482453721994,-0.0454855410145071,0.009083070238596572,0.02947143197365896
EURUSD=X,validation,signature_bootstrap,60,2,1,10,3.270834282848139e-05,0.07241857591101566,0.012787677313788173,0.0068022890945752725,0.010236684504836857,0.0018775003074123966,0.009557014515485556,0.013992885284546386,0.0015004928376302906,-0.041123247897899465,0.013445363355204208,0.023121595321561716
SPY,validation,real,60,2,1,20,,0.18777849196639282,0.0,0.019493196967476346,0.02532593439381509,0.0,0.024085134516023936,0.028244347110469803,0.0,-0.10531734404489251,0.0,0.0
SPY,validation,historical_bootstrap,60,2,1,20,0.0031934055467437122,0.1819937285742727,0.0057847633921201125,0.016117813612378604,0.033234754697797665,0.003375383355097742,0.028908073489530246,0.04526420368503821,0.004822938973506309,-0.08208971704624742,0.0232276269986451,0.03411734367055005
SPY,validation,signature_bootstrap,60,2,1,20,0.0019228160425582776,0.12473474656582322,0.0630437454005696,0.012147260677228974,0.021058182100076504,0.007345936290247372,0.01909961703076939,0.027873987906666464,0.004985517485254547,-0.06268069441149351,0.042636649633399,0.03812792394136337
EURUSD=X,validation,real,60,2,1,20,,0.08520625322480384,0.0,0.008679789401987669,0.011764545268720738,0.0,0.011057507353115847,0.013384970437742678,0.0,-0.05456861125310367,0.0,0.0
EURUSD=X,validation,historical_bootstrap,60,2,1,20,0.000132529896646746,0.0754445313785416,0.009761721846262242,0.0070782348361699745,0.010603441750325902,0.0016015545658176946,0.009887659107743647,0.01397055604499162,0.0011698482453721994,-0.0454855410145071,0.009083070238596572,0.02947143197365896
EURUSD=X,validation,signature_bootstrap,60,2,1,20,0.00022089577834759813,0.07224678495846257,0.01295946826634127,0.00652155912991593,0.010311229473049131,0.002158230272071739,0.009565270974553666,0.01467930816995886,0.0014922363785621808,-0.03548112963112905,0.01908748162197462,0.02790425541190772
SPY,validation,real,60,2,1,50,,0.18777849196639282,0.0,0.019493196967476346,0.02532593439381509,0.0,0.024085134516023936,0.028244347110469803,0.0,-0.10531734404489251,0.0,0.0
SPY,validation,historical_bootstrap,60,2,1,50,0.0031934055467437122,0.1819937285742727,0.0057847633921201125,0.016117813612378604,0.033234754697797665,0.003375383355097742,0.028908073489530246,0.04526420368503821,0.004822938973506309,-0.08208971704624742,0.0232276269986451,0.03411734367055005
SPY,validation,signature_bootstrap,60,2,1,50,0.0021810152069607043,0.11723376773755842,0.0705447242288344,0.011473024076393903,0.01958316260585709,0.008020172891082443,0.017896933210372407,0.025371462123006137,0.006188201305651529,-0.06136436481332326,0.04395297923156925,0.03589749553401507
EURUSD=X,validation,real,60,2,1,50,,0.08520625322480384,0.0,0.008679789401987669,0.011764545268720738,0.0,0.011057507353115847,0.013384970437742678,0.0,-0.05456861125310367,0.0,0.0
EURUSD=X,validation,historical_bootstrap,60,2,1,50,0.000132529896646746,0.0754445313785416,0.009761721846262242,0.0070782348361699745,0.010603441750325902,0.0016015545658176946,0.009887659107743647,0.01397055604499162,0.0011698482453721994,-0.0454855410145071,0.009083070238596572,0.02947143197365896
EURUSD=X,validation,signature_bootstrap,60,2,1,50,0.00013952073521078908,0.07125130235042712,0.013954950874376718,0.0066494000980513585,0.009976619355898289,0.0020303893039363106,0.00935865236845403,0.013076233311741297,0.001698854984661817,-0.037725681362793195,0.016842929890310478,0.025406785169754677
SPY,validation,real,60,2,1,100,,0.18777849196639282,0.0,0.019493196967476346,0.02532593439381509,0.0,0.024085134516023936,0.028244347110469803,0.0,-0.10531734404489251,0.0,0.0
SPY,validation,historical_bootstrap,60,2,1,100,0.0031934055467437122,0.1819937285742727,0.0057847633921201125,0.016117813612378604,0.033234754697797665,0.003375383355097742,0.028908073489530246,0.04526420368503821,0.004822938973506309,-0.08208971704624742,0.0232276269986451,0.03411734367055005
SPY,validation,signature_bootstrap,60,2,1,100,0.002418888749839378,0.11752488963554741,0.0702536023308454,0.01192648019803955,0.01939816000976493,0.007566716769436797,0.01780596404027146,0.024414720062353224,0.006279170475752476,-0.0630993047536296,0.042218039291262915,0.02830289960456133
EURUSD=X,validation,real,60,2,1,100,,0.08520625322480384,0.0,0.008679789401987669,0.011764545268720738,0.0,0.011057507353115847,0.013384970437742678,0.0,-0.05456861125310367,0.0,0.0
EURUSD=X,validation,historical_bootstrap,60,2,1,100,0.000132529896646746,0.0754445313785416,0.009761721846262242,0.0070782348361699745,0.010603441750325902,0.0016015545658176946,0.009887659107743647,0.01397055604499162,0.0011698482453721994,-0.0454855410145071,0.009083070238596572,0.02947143197365896
EURUSD=X,validation,signature_bootstrap,60,2,1,100,0.0001552753301210696,0.07162148052177877,0.013584772703025064,0.006652541039566862,0.010066160882856723,0.0020272483624208075,0.009419494546517325,0.013267125542203245,0.0016380128065985218,-0.04092543600221441,0.013643175250889261,0.024999929846221472
SPY,validation,real,60,2,5,5,,0.18777849196639282,0.0,0.019493196967476346,0.02532593439381509,0.0,0.024085134516023936,0.028244347110469803,0.0,-0.10531734404489251,0.0,0.0
SPY,validation,historical_bootstrap,60,2,5,5,0.0032977785397117106,0.16681331821508133,0.02096517375131149,0.016078860505204483,0.029783068542942742,0.0034143364622718636,0.02612132520383148,0.03572801548617678,0.0020361906878075438,-0.07657395592874558,0.028743388116146934,0.04695716461635955
SPY,validation,signature_bootstrap,60,2,5,5,0.0009435425217832361,0.14068067876824658,0.04709781319814624,0.013819338730907987,0.0250381661091927,0.005673858236568359,0.022219923961571846,0.031133682367477777,0.001865210554452091,-0.07447264061720861,0.030844703427683903,0.046716822439588496
EURUSD=X,validation,real,60,2,5,5,,0.08520625322480384,0.0,0.008679789401987669,0.011764545268720738,0.0,0.011057507353115847,0.013384970437742678,0.0,-0.05456861125310367,0.0,0.0
EURUSD=X,validation,historical_bootstrap,60,2,5,5,0.00011582801869625704,0.0737241343244343,0.011482118900369542,0.00695431097373689,0.01060101925947578,0.0017254784282507794,0.009881599850003411,0.014058167348261463,0.0011759075031124357,-0.04442235809147487,0.010146253161628802,0.02617988146377203
EURUSD=X,validation,signature_bootstrap,60,2,5,5,0.00011990883885301479,0.06816301827898437,0.01704323494581947,0.006381648027403588,0.00960444394532706,0.002298141374584081,0.008968057702397243,0.012608228043926379,0.002089449650718604,-0.03799422998123464,0.016574381271869033,0.026589792285754255
SPY,validation,real,60,2,5,10,,0.18777849196639282,0.0,0.019493196967476346,0.02532593439381509,0.0,0.024085134516023936,0.028244347110469803,0.0,-0.10531734404489251,0.0,0.0
SPY,validation,historical_bootstrap,60,2,5,10,0.0032977785397117106,0.16681331821508133,0.02096517375131149,0.016078860505204483,0.029783068542942742,0.0034143364622718636,0.02612132520383148,0.03572801548617678,0.0020361906878075438,-0.07657395592874558,0.028743388116146934,0.04695716461635955
SPY,validation,signature_bootstrap,60,2,5,10,0.00040628643258444576,0.1391047000541465,0.04867379191224633,0.013988980779624627,0.024872900498928256,0.0055042161878517196,0.022630554662098335,0.03118212702043761,0.0014545798539256014,-0.0761728417501005,0.029144502294792013,0.046414097664903196
EURUSD=X,validation,real,60,2,5,10,,0.08520625322480384,0.0,0.008679789401987669,0.011764545268720738,0.0,0.011057507353115847,0.013384970437742678,0.0,-0.05456861125310367,0.0,0.0
EURUSD=X,validation,historical_bootstrap,60,2,5,10,0.00011582801869625704,0.0737241343244343,0.011482118900369542,0.00695431097373689,0.01060101925947578,0.0017254784282507794,0.009881599850003411,0.014058167348261463,0.0011759075031124357,-0.04442235809147487,0.010146253161628802,0.02617988146377203
EURUSD=X,validation,signature_bootstrap,60,2,5,10,0.0001033432687031764,0.06764331111657822,0.01756294210822562,0.006523263153738826,0.00914621647357929,0.002156526248248843,0.008645469778147922,0.011816112942465859,0.0024120375749679245,-0.03565907862417332,0.018909532628930352,0.02653586841603703
SPY,validation,real,60,2,5,20,,0.18777849196639282,0.0,0.019493196967476346,0.02532593439381509,0.0,0.024085134516023936,0.028244347110469803,0.0,-0.10531734404489251,0.0,0.0
SPY,validation,historical_bootstrap,60,2,5,20,0.0032977785397117106,0.16681331821508133,0.02096517375131149,0.016078860505204483,0.029783068542942742,0.0034143364622718636,0.02612132520383148,0.03572801548617678,0.0020361906878075438,-0.07657395592874558,0.028743388116146934,0.04695716461635955
SPY,validation,signature_bootstrap,60,2,5,20,0.0006815224783542073,0.13346445992384642,0.054314032042546395,0.013041724476823734,0.0242396661867272,0.006451472490652612,0.02148246834426447,0.030534690383623407,0.0026026661717594678,-0.07246534864233771,0.032851995402554804,0.04610933383036831
EURUSD=X,validation,real,60,2,5,20,,0.08520625322480384,0.0,0.008679789401987669,0.011764545268720738,0.0,0.011057507353115847,0.013384970437742678,0.0,-0.05456861125310367,0.0,0.0
EURUSD=X,validation,historical_bootstrap,60,2,5,20,0.00011582801869625704,0.0737241343244343,0.011482118900369542,0.00695431097373689,0.01060101925947578,0.0017254784282507794,0.009881599850003411,0.014058167348261463,0.0011759075031124357,-0.04442235809147487,0.010146253161628802,0.02617988146377203
EURUSD=X,validation,signature_bootstrap,60,2,5,20,2.8170167255196024e-05,0.06957948270927769,0.015626770515526148,0.006519893650283684,0.009954346180808298,0.002159895751703985,0.00939945634552556,0.014381023318338093,0.0016580510075902867,-0.04098551097845946,0.013583100274644211,0.023378712477392538
SPY,validation,real,60,2,5,50,,0.18777849196639282,0.0,0.019493196967476346,0.02532593439381509,0.0,0.024085134516023936,0.028244347110469803,0.0,-0.10531734404489251,0.0,0.0
SPY,validation,historical_bootstrap,60,2,5,50,0.0032977785397117106,0.16681331821508133,0.02096517375131149,0.016078860505204483,0.029783068542942742,0.0034143364622718636,0.02612132520383148,0.03572801548617678,0.0020361906878075438,-0.07657395592874558,0.028743388116146934,0.04695716461635955
SPY,validation,signature_bootstrap,60,2,5,50,0.0017695140111579487,0.12250720965568367,0.06527128231070915,0.01247693644823873,0.021822790091487815,0.007016260519237616,0.019479058518721754,0.027326347410906858,0.004606075997302183,-0.0628021379616884,0.04251520608320411,0.04320747591848785
EURUSD=X,validation,real,60,2,5,50,,0.08520625322480384,0.0,0.008679789401987669,0.011764545268720738,0.0,0.011057507353115847,0.013384970437742678,0.0,-0.05456861125310367,0.0,0.0
EURUSD=X,validation,historical_bootstrap,60,2,5,50,0.00011582801869625704,0.0737241343244343,0.011482118900369542,0.00695431097373689,0.01060101925947578,0.0017254784282507794,0.009881599850003411,0.014058167348261463,0.0011759075031124357,-0.04442235809147487,0.010146253161628802,0.02617988146377203
EURUSD=X,validation,signature_bootstrap,60,2,5,50,0.00013818693538041006,0.06786834247506678,0.017337910749737062,0.006454219785305068,0.009102822755231428,0.002225569616682601,0.008681427734293983,0.01198268668130204,0.0023760796188218632,-0.037958938253085495,0.01660967300001818,0.02703275258316366
SPY,validation,real,60,2,5,100,,0.18777849196639282,0.0,0.019493196967476346,0.02532593439381509,0.0,0.024085134516023936,0.028244347110469803,0.0,-0.10531734404489251,0.0,0.0
SPY,validation,historical_bootstrap,60,2,5,100,0.0032977785397117106,0.16681331821508133,0.02096517375131149,0.016078860505204483,0.029783068542942742,0.0034143364622718636,0.02612132520383148,0.03572801548617678,0.0020361906878075438,-0.07657395592874558,0.028743388116146934,0.04695716461635955
SPY,validation,signature_bootstrap,60,2,5,100,0.0008971237261398103,0.129412498361487,0.058365993604905825,0.012348084769304038,0.023813884131002105,0.007145112198172309,0.02125203837864062,0.03165102028846547,0.0028330961373833168,-0.0701117140463541,0.03520562999853841,0.04457433690513082
EURUSD=X,validation,real,60,2,5,100,,0.08520625322480384,0.0,0.008679789401987669,0.011764545268720738,0.0,0.011057507353115847,0.013384970437742678,0.0,-0.05456861125310367,0.0,0.0
EURUSD=X,validation,historical_bootstrap,60,2,5,100,0.00011582801869625704,0.0737241343244343,0.011482118900369542,0.00695431097373689,0.01060101925947578,0.0017254784282507794,0.009881599850003411,0.014058167348261463,0.0011759075031124357,-0.04442235809147487,0.010146253161628802,0.02617988146377203
EURUSD=X,validation,signature_bootstrap,60,2,5,100,9.335394007596178e-05,0.0691538666816186,0.016052386543185235,0.006508515853192553,0.009411193110909663,0.0021712735487951157,0.008869505281306474,0.012331328135807843,0.0021880020718093723,-0.0396638301534991,0.014904781099604573,0.025242519607290625
SPY,validation,real,60,3,1,5,,0.18777849196639282,0.0,0.019493196967476346,0.02532593439381509,0.0,0.024085134516023936,0.028244347110469803,0.0,-0.10531734404489251,0.0,0.0
SPY,validation,historical_bootstrap,60,3,1,5,0.0033813534393764334,0.1819937285742727,0.0057847633921201125,0.016117813612378604,0.033234754697797665,0.003375383355097742,0.028908073489530246,0.04526420368503821,0.004822938973506309,-0.08208971704624742,0.0232276269986451,0.03411734367055005
SPY,validation,signature_bootstrap,60,3,1,5,0.005048876667567672,0.1153409020388683,0.07243758992752451,0.010744223086062247,0.019904772658738516,0.0087489738814141,0.017784681390303682,0.025876238898834225,0.006300453125720255,-0.05664124628578635,0.04867609775910616,0.04187590549046021
EURUSD=X,validation,real,60,3,1,5,,0.08520625322480384,0.0,0.008679789401987669,0.011764545268720738,0.0,0.011057507353115847,0.013384970437742678,0.0,-0.05456861125310367,0.0,0.0
EURUSD=X,validation,historical_bootstrap,60,3,1,5,0.00014068613134459482,0.0754445313785416,0.009761721846262242,0.0070782348361699745,0.010603441750325902,0.0016015545658176946,0.009887659107743647,0.01397055604499162,0.0011698482453721994,-0.0454855410145071,0.009083070238596572,0.02947143197365896
EURUSD=X,validation,signature_bootstrap,60,3,1,5,0.00010934201936316687,0.0651748451440597,0.020031408080744134,0.0061606441923276085,0.00919747037628428,0.0025191452096600606,0.00860060385753867,0.011777464385097131,0.0024569034955771764,-0.040327376658901314,0.01424123459420236,0.028167904858704074
SPY,validation,real,60,3,1,10,,0.18777849196639282,0.0,0.019493196967476346,0.02532593439381509,0.0,0.024085134516023936,0.028244347110469803,0.0,-0.10531734404489251,0.0,0.0
SPY,validation,historical_bootstrap,60,3,1,10,0.0033813534393764334,0.1819937285742727,0.0057847633921201125,0.016117813612378604,0.033234754697797665,0.003375383355097742,0.028908073489530246,0.04526420368503821,0.004822938973506309,-0.08208971704624742,0.0232276269986451,0.03411734367055005
SPY,validation,signature_bootstrap,60,3,1,10,0.004205964000419178,0.12883048855219156,0.058948003414201255,0.012492011748487452,0.022606643958107887,0.007001185218988895,0.020057894903604972,0.027614260020731796,0.004027239612418965,-0.06663261087911568,0.038684733165776836,0.043414936775632254
EURUSD=X,validation,real,60,3,1,10,,0.08520625322480384,0.0,0.008679789401987669,0.011764545268720738,0.0,0.011057507353115847,0.013384970437742678,0.0,-0.05456861125310367,0.0,0.0
EURUSD=X,validation,historical_bootstrap,60,3,1,10,0.00014068613134459482,0.0754445313785416,0.009761721846262242,0.0070782348361699745,0.010603441750325902,0.0016015545658176946,0.009887659107743647,0.01397055604499162,0.0011698482453721994,-0.0454855410145071,0.009083070238596572,0.02947143197365896
EURUSD=X,validation,signature_bootstrap,60,3,1,10,4.704686111254796e-05,0.06586970820146502,0.019336545023338814,0.006369579769989281,0.009119332358565236,0.0023102096319983882,0.008623237762917369,0.011722645788159392,0.002434269590198478,-0.041366603807366245,0.013202007445737428,0.024589044856755036
SPY,validation,real,60,3,1,20,,0.18777849196639282,0.0,0.019493196967476346,0.02532593439381509,0.0,0.024085134516023936,0.028244347110469803,0.0,-0.10531734404489251,0.0,0.0
SPY,validation,historical_bootstrap,60,3,1,20,0.0033813534393764334,0.1819937285742727,0.0057847633921201125,0.016117813612378604,0.033234754697797665,0.003375383355097742,0.028908073489530246,0.04526420368503821,0.004822938973506309,-0.08208971704624742,0.0232276269986451,0.03411734367055005
SPY,validation,signature_bootstrap,60,3,1,20,0.0016732795128715226,0.12827652454560054,0.05950196742079228,0.012300535117947866,0.023217815969081797,0.00719266184952848,0.020473508121285643,0.02989530145931435,0.003611626394738294,-0.06738008151182044,0.03793726253307207,0.036844463962052175
EURUSD=X,validation,real,60,3,1,20,,0.08520625322480384,0.0,0.008679789401987669,0.011764545268720738,0.0,0.011057507353115847,0.013384970437742678,0.0,-0.05456861125310367,0.0,0.0
EURUSD=X,validation,historical_bootstrap,60,3,1,20,0.00014068613134459482,0.0754445313785416,0.009761721846262242,0.0070782348361699745,0.010603441750325902,0.0016015545658176946,0.009887659107743647,0.01397055604499162,0.0011698482453721994,-0.0454855410145071,0.009083070238596572,0.02947143197365896
EURUSD=X,validation,signature_bootstrap,60,3,1,20,3.368510837409377e-05,0.06735352002473799,0.01785273320006585,0.006325052208383789,0.009741113246195154,0.0023547371936038803,0.009002725271791637,0.01291718956501568,0.0020547820813242093,-0.04109139666746671,0.013477214585636964,0.023145818888391
SPY,validation,real,60,3,1,50,,0.18777849196639282,0.0,0.019493196967476346,0.02532593439381509,0.0,0.024085134516023936,0.028244347110469803,0.0,-0.10531734404489251,0.0,0.0
SPY,validation,historical_bootstrap,60,3,1,50,0.0033813534393764334,0.1819937285742727,0.0057847633921201125,0.016117813612378604,0.033234754697797665,0.003375383355097742,0.028908073489530246,0.04526420368503821,0.004822938973506309,-0.08208971704624742,0.0232276269986451,0.03411734367055005
SPY,validation,signature_bootstrap,60,3,1,50,0.0008604937114281537,0.12446802966698098,0.06331046229941184,0.012631152210807092,0.02210889824459905,0.0068620447566692545,0.01946333024246304,0.027160343090778936,0.004621804273560896,-0.06736444881091484,0.03795289523397767,0.0368427937640913
EURUSD=X,validation,real,60,3,1,50,,0.08520625322480384,0.0,0.008679789401987669,0.011764545268720738,0.0,0.011057507353115847,0.013384970437742678,0.0,-0.05456861125310367,0.0,0.0
EURUSD=X,validation,historical_bootstrap,60,3,1,50,0.00014068613134459482,0.0754445313785416,0.009761721846262242,0.0070782348361699745,0.010603441750325902,0.0016015545658176946,0.009887659107743647,0.01397055604499162,0.0011698482453721994,-0.0454855410145071,0.009083070238596572,0.02947143197365896
EURUSD=X,validation,signature_bootstrap,60,3,1,50,1.320971585670852e-06,0.06687352865536064,0.018332724569443196,0.006406691282927838,0.009622915277920396,0.002273098119059831,0.009038911497082861,0.013099415120293107,0.0020185958560329856,-0.039544851084276036,0.015023760168827636,0.025813031533773838
SPY,validation,real,60,3,1,100,,0.18777849196639282,0.0,0.019493196967476346,0.02532593439381509,0.0,0.024085134516023936,0.028244347110469803,0.0,-0.10531734404489251,0.0,0.0
SPY,validation,historical_bootstrap,60,3,1,100,0.0033813534393764334,0.1819937285742727,0.0057847633921201125,0.016117813612378604,0.033234754697797665,0.003375383355097742,0.028908073489530246,0.04526420368503821,0.004822938973506309,-0.08208971704624742,0.0232276269986451,0.03411734367055005
SPY,validation,signature_bootstrap,60,3,1,100,0.001603322099173237,0.11738410038993789,0.07039439157645493,0.01139242277580491,0.020991068709273013,0.008100774191671437,0.018477306082196384,0.026548743708331258,0.0056078284338275525,-0.06443684887494398,0.04088049516994853,0.03265935181875611
EURUSD=X,validation,real,60,3,1,100,,0.08520625322480384,0.0,0.008679789401987669,0.011764545268720738,0.0,0.011057507353115847,0.013384970437742678,0.0,-0.05456861125310367,0.0,0.0
EURUSD=X,validation,historical_bootstrap,60,3,1,100,0.00014068613134459482,0.0754445313785416,0.009761721846262242,0.0070782348361699745,0.010603441750325902,0.0016015545658176946,0.009887659107743647,0.01397055604499162,0.0011698482453721994,-0.0454855410145071,0.009083070238596572,0.02947143197365896
EURUSD=X,validation,signature_bootstrap,60,3,1,100,3.0063796717623932e-05,0.07006687474431074,0.015139378480493099,0.006558354628528247,0.010714089453860348,0.0021214347734594217,0.010024537344855389,0.0158962857310664,0.0010329700082604577,-0.042260513638874286,0.012308097614229387,0.025619561924049
SPY,validation,real,60,3,5,5,,0.18777849196639282,0.0,0.019493196967476346,0.02532593439381509,0.0,0.024085134516023936,0.028244347110469803,0.0,-0.10531734404489251,0.0,0.0
SPY,validation,historical_bootstrap,60,3,5,5,0.003483849984561349,0.16681331821508133,0.02096517375131149,0.016078860505204483,0.029783068542942742,0.0034143364622718636,0.02612132520383148,0.03572801548617678,0.0020361906878075438,-0.07657395592874558,0.028743388116146934,0.04695716461635955
SPY,validation,signature_bootstrap,60,3,5,5,0.0008096716319229251,0.15213463235664024,0.03564385960975258,0.01487817916326872,0.027810668942670626,0.004615017804207627,0.024404355773215158,0.03484487144652667,0.0003192212571912212,-0.08230740870668787,0.02300993533820464,0.048882452969382505
EURUSD=X,validation,real,60,3,5,5,,0.08520625322480384,0.0,0.008679789401987669,0.011764545268720738,0.0,0.011057507353115847,0.013384970437742678,0.0,-0.05456861125310367,0.0,0.0
EURUSD=X,validation,historical_bootstrap,60,3,5,5,0.0001233839509613535,0.0737241343244343,0.011482118900369542,0.00695431097373689,0.01060101925947578,0.0017254784282507794,0.009881599850003411,0.014058167348261463,0.0011759075031124357,-0.04442235809147487,0.010146253161628802,0.02617988146377203
EURUSD=X,validation,signature_bootstrap,60,3,5,5,9.871275069750222e-05,0.06266007723234383,0.022546175992460005,0.0061282990760628195,0.008391711603212924,0.0025514903259248496,0.007984862631187405,0.010359295058280909,0.0030726447219284417,-0.038940894839697836,0.015627716413405837,0.026384520355417336
SPY,validation,real,60,3,5,10,,0.18777849196639282,0.0,0.019493196967476346,0.02532593439381509,0.0,0.024085134516023936,0.028244347110469803,0.0,-0.10531734404489251,0.0,0.0
SPY,validation,historical_bootstrap,60,3,5,10,0.003483849984561349,0.16681331821508133,0.02096517375131149,0.016078860505204483,0.029783068542942742,0.0034143364622718636,0.02612132520383148,0.03572801548617678,0.0020361906878075438,-0.07657395592874558,0.028743388116146934,0.04695716461635955
SPY,validation,signature_bootstrap,60,3,5,10,0.0011548508644677825,0.13706495945902666,0.050713532507366155,0.013415284465273375,0.02480161852778274,0.0060779125022029715,0.02168317691911038,0.02991590778833734,0.0024019575969135565,-0.07030431506560272,0.03501302897928979,0.04676026558039679
EURUSD=X,validation,real,60,3,5,10,,0.08520625322480384,0.0,0.008679789401987669,0.011764545268720738,0.0,0.011057507353115847,0.013384970437742678,0.0,-0.05456861125310367,0.0,0.0
EURUSD=X,validation,historical_bootstrap,60,3,5,10,0.0001233839509613535,0.0737241343244343,0.011482118900369542,0.00695431097373689,0.01060101925947578,0.0017254784282507794,0.009881599850003411,0.014058167348261463,0.0011759075031124357,-0.04442235809147487,0.010146253161628802,0.02617988146377203
EURUSD=X,validation,signature_bootstrap,60,3,5,10,2.8219388521002925e-06,0.06577029468160353,0.019435958543200307,0.006327322085530824,0.009099794045962381,0.0023524673164568447,0.008499913799975702,0.011744819384499719,0.002557593553140145,-0.04130126739299191,0.01326734386011176,0.022638452338303798
SPY,validation,real,60,3,5,20,,0.18777849196639282,0.0,0.019493196967476346,0.02532593439381509,0.0,0.024085134516023936,0.028244347110469803,0.0,-0.10531734404489251,0.0,0.0
SPY,validation,historical_bootstrap,60,3,5,20,0.003483849984561349,0.16681331821508133,0.02096517375131149,0.016078860505204483,0.029783068542942742,0.0034143364622718636,0.02612132520383148,0.03572801548617678,0.0020361906878075438,-0.07657395592874558,0.028743388116146934,0.04695716461635955
SPY,validation,signature_bootstrap,60,3,5,20,0.0019326854575333655,0.1234104479606398,0.06436804400575302,0.01193046148552435,0.021873431960772922,0.007562735481951997,0.019081398985335542,0.02695339278563289,0.005003735530688395,-0.06400579103018186,0.04131155301471065,0.04734334879991925
EURUSD=X,validation,real,60,3,5,20,,0.08520625322480384,0.0,0.008679789401987669,0.011764545268720738,0.0,0.011057507353115847,0.013384970437742678,0.0,-0.05456861125310367,0.0,0.0
EURUSD=X,validation,historical_bootstrap,60,3,5,20,0.0001233839509613535,0.0737241343244343,0.011482118900369542,0.00695431097373689,0.01060101925947578,0.0017254784282507794,0.009881599850003411,0.014058167348261463,0.0011759075031124357,-0.04442235809147487,0.010146253161628802,0.02617988146377203
EURUSD=X,validation,signature_bootstrap,60,3,5,20,0.00010956155260316095,0.06468723742328436,0.020519015801519477,0.006263348888767566,0.008970209241129356,0.0024164405132201033,0.008459561397835932,0.011598237384659201,0.002597945955279915,-0.03897414997623089,0.015594461276872786,0.026713753719892302
SPY,validation,real,60,3,5,50,,0.18777849196639282,0.0,0.019493196967476346,0.02532593439381509,0.0,0.024085134516023936,0.028244347110469803,0.0,-0.10531734404489251,0.0,0.0
SPY,validation,historical_bootstrap,60,3,5,50,0.003483849984561349,0.16681331821508133,0.02096517375131149,0.016078860505204483,0.029783068542942742,0.0034143364622718636,0.02612132520383148,0.03572801548617678,0.0020361906878075438,-0.07657395592874558,0.028743388116146934,0.04695716461635955
SPY,validation,signature_bootstrap,60,3,5,50,0.0008130442039532142,0.13310276874501054,0.05467572322138228,0.013067547144297273,0.02375677412129725,0.006425649823179074,0.021207260658352198,0.029270831497168127,0.0028778738576717387,-0.07448553906771425,0.03083180497717826,0.044036677536479066
EURUSD=X,validation,real,60,3,5,50,,0.08520625322480384,0.0,0.008679789401987669,0.011764545268720738,0.0,0.011057507353115847,0.013384970437742678,0.0,-0.05456861125310367,0.0,0.0
EURUSD=X,validation,historical_bootstrap,60,3,5,50,0.0001233839509613535,0.0737241343244343,0.011482118900369542,0.00695431097373689,0.01060101925947578,0.0017254784282507794,0.009881599850003411,0.014058167348261463,0.0011759075031124357,-0.04442235809147487,0.010146253161628802,0.02617988146377203
EURUSD=X,validation,signature_bootstrap,60,3,5,50,6.0837385445026286e-05,0.06798126299020181,0.017224990234602028,0.006409625333872282,0.009855031459890699,0.0022701640681153873,0.00901417813805148,0.012450261907188096,0.0020433292150643673,-0.04022678231413652,0.014341828938967155,0.022868374217799983
SPY,validation,real,60,3,5,100,,0.18777849196639282,0.0,0.019493196967476346,0.02532593439381509,0.0,0.024085134516023936,0.028244347110469803,0.0,-0.10531734404489251,0.0,0.0
SPY,validation,historical_bootstrap,60,3,5,100,0.003483849984561349,0.16681331821508133,0.02096517375131149,0.016078860505204483,0.029783068542942742,0.0034143364622718636,0.02612132520383148,0.03572801548617678,0.0020361906878075438,-0.07657395592874558,0.028743388116146934,0.04695716461635955
SPY,validation,signature_bootstrap,60,3,5,100,0.0010939066497262714,0.12147270357098254,0.06630578839541028,0.01220251566326044,0.021775113119390132,0.007290681304215906,0.019270875495801743,0.026757140306901895,0.004814259020222193,-0.06437537323265219,0.040941970812240325,0.04453245533666119
EURUSD=X,validation,real,60,3,5,100,,0.08520625322480384,0.0,0.008679789401987669,0.011764545268720738,0.0,0.011057507353115847,0.013384970437742678,0.0,-0.05456861125310367,0.0,0.0
EURUSD=X,validation,historical_bootstrap,60,3,5,100,0.0001233839509613535,0.0737241343244343,0.011482118900369542,0.00695431097373689,0.01060101925947578,0.0017254784282507794,0.009881599850003411,0.014058167348261463,0.0011759075031124357,-0.04442235809147487,0.010146253161628802,0.02617988146377203
EURUSD=X,validation,signature_bootstrap,60,3,5,100,0.00017528158317131363,0.06640930618889974,0.018796947035904094,0.006387713950138667,0.008841651252027915,0.002292075451849002,0.008424398086771933,0.011264731179037351,0.0026331092663439137,-0.0373594300352477,0.017209181217855973,0.023243003989047117
